{
	"class_name" : "PinholeCameraParameters",
	"extrinsic" : 
	[
		0.96987720373842801,
		0.24031602127666474,
		0.039829883081444389,
		0.0,
		-0.24132310806700005,
		0.92562693288197517,
		0.29150975736052215,
		0.0,
		0.033186852538481568,
		-0.29234053951045025,
		0.95573827054132765,
		0.0,
		0.078314885349360458,
		0.39956911688844771,
		-0.83753848233226735,
		1.0
	],
	"intrinsic" : 
	{
		"height" : 1055,
		"intrinsic_matrix" : 
		[
			913.65680099258282,
			0.0,
			0.0,
			0.0,
			913.65680099258282,
			0.0,
			959.5,
			527.0,
			1.0
		],
		"width" : 1920
	},
	"version_major" : 1,
	"version_minor" : 0
}