{
	"class_name" : "PinholeCameraParameters",
	"extrinsic" : 
	[
		0.96593821080728448,
		0.19923102964725084,
		-0.16513742679392396,
		0.0,
		-0.19868380796630264,
		0.97985962613902355,
		0.019996437550285209,
		0.0,
		0.16579540812227497,
		0.013494809683331253,
		0.98606783375038609,
		0.0,
		-0.084055457481257562,
		0.008246608355558566,
		-0.47001858927955587,
		1.0
	],
	"intrinsic" : 
	{
		"height" : 1055,
		"intrinsic_matrix" : 
		[
			913.65680099258282,
			0.0,
			0.0,
			0.0,
			913.65680099258282,
			0.0,
			959.5,
			527.0,
			1.0
		],
		"width" : 1920
	},
	"version_major" : 1,
	"version_minor" : 0
}